{"no_diffusion": {"epochs": 30, "train_loss": [0.5013636682447189, 0.29326873033465256, 0.19741169751056883, 0.1624633746521924, 0.15033257243737497, 0.10041975936804048, 0.07431667419742091, 0.08366353164714523, 0.07122366473363723, 0.059272031055170475, 0.07468799493053567, 0.05123760911195203, 0.030585553459423948, 0.08386148599611311, 0.08917938178637996, 0.04049978126357297, 0.03581998839162041, 0.05714751102637482, 0.06081958701089788, 0.03975333116440957, 0.041055214746584516, 0.025255497248160723, 0.020877172895948926, 0.014875540909739218, 0.05259418466705993, 0.06008764341663788, 0.03341255746616427, 0.04140469494557722, 0.05280884914966923, 0.04002791951635351], "valid_loss": [0.2687390043976761, 0.11723589125488486, 0.15725009755364486, 0.13274834105478867, 0.11336867797321507, 0.053798380706991465, 0.15011647290417127, 0.2505580087502797, 0.03539023448025719, 0.09251719023588867, 0.049621801172006166, 0.08222637270089417, 0.06387410020466805, 0.06921990769305489, 0.12437879015176025, 0.049267066754899655, 0.03706281627057165, 0.086222618014463, 0.08374747167441196, 0.09242376358070899, 0.05100095702333159, 0.07540613487972656, 0.11690653383196886, 0.07958212200762882, 0.15003048132417635, 0.0980319014121224, 0.06229766318262721, 0.07986079999578319, 0.05825409671801719, 0.09499010458672447], "train_acc": [82.17957505140507, 90.06168608636052, 93.3173406442769, 94.65387251542153, 95.06511309115832, 96.71007539410556, 97.15558601782043, 97.3954763536669, 97.8067169294037, 98.2179575051405, 97.63536668951338, 98.45784784098697, 98.97189856065799, 97.29266620973269, 96.91569568197396, 98.66346812885538, 98.80054832076765, 98.25222755311857, 98.0123372172721, 98.66346812885538, 98.86908841672378, 99.31459904043865, 99.38313913639479, 99.41740918437286, 98.52638793694311, 98.14941740918437, 99.00616860863605, 98.52638793694311, 98.18368745716243, 98.83481836874572], "valid_acc": [88.58024691358025, 96.60493827160494, 94.75308641975309, 95.06172839506173, 96.60493827160494, 98.4567901234568, 95.37037037037037, 92.5925925925926, 99.07407407407408, 96.29629629629629, 98.4567901234568, 96.91358024691358, 97.8395061728395, 97.8395061728395, 95.67901234567901, 98.4567901234568, 99.38271604938271, 97.53086419753086, 97.8395061728395, 96.91358024691358, 97.8395061728395, 97.53086419753086, 96.29629629629629, 97.53086419753086, 95.37037037037037, 95.98765432098766, 98.76543209876543, 96.91358024691358, 98.4567901234568, 97.22222222222221]}, "perona-malik": {"epochs": 30, "train_loss": [0.5638432516182055, 0.28717555637507003, 0.23404172819128127, 0.1645443246374161, 0.12470449495785793, 0.117159240003777, 0.12230908422338996, 0.10717065283097327, 0.047462651807919164, 0.09774736001899292, 0.06432919344569613, 0.06679206272260199, 0.02632515924409238, 0.027350790469258035, 0.10273170918022674, 0.0628228060836914, 0.06091316709504208, 0.01653349141087262, 0.02205055761676634, 0.08457606827300754, 0.0464094807530621, 0.02533978313577229, 0.033844026403751795, 0.026274545664108317, 0.01887573349813465, 0.04165171386038772, 0.026587450828126826, 0.04688068930327411, 0.047719243436419125, 0.06206427046516163], "valid_loss": [0.31168715760023114, 0.22198213364130684, 0.15160177517516008, 0.19767068159056916, 0.2071756316526305, 0.1639225065162117, 0.21187146470349813, 0.13812961714575067, 0.14366639640952816, 0.17780873980206838, 0.14403976847746067, 0.20918339073389125, 0.18570782591649776, 0.21856555791981963, 0.1667005238150956, 0.1690360717142799, 0.16677811134736875, 0.11082335936884019, 0.09911742291157973, 0.15021294413392233, 0.14224906351245453, 0.23642139666307707, 0.13621581480918535, 0.16967980024041718, 0.228323770613878, 0.257854231311025, 0.1826072781862291, 0.26112658032226527, 0.2664831520496158, 0.169807771098844], "train_acc": [79.3351610692255, 89.85606579849211, 92.80328992460589, 94.51679232350926, 96.09321453050035, 96.1274845784784, 95.99040438656614, 96.64153529814942, 98.4235777930089, 97.08704592186429, 97.63536668951338, 97.56682659355724, 99.14324880054832, 98.80054832076765, 96.43591501028101, 97.8067169294037, 97.84098697738177, 99.485949280329, 99.17751884852639, 97.6010966415353, 98.32076764907471, 99.21178889650446, 98.97189856065799, 99.21178889650446, 99.41740918437286, 98.69773817683345, 99.00616860863605, 98.76627827278959, 98.32076764907471, 98.08087731322824], "valid_acc": [89.19753086419753, 91.9753086419753, 94.75308641975309, 93.20987654320987, 93.20987654320987, 93.82716049382715, 95.06172839506173, 96.91358024691358, 96.60493827160494, 95.37037037037037, 96.60493827160494, 93.51851851851852, 96.29629629629629, 94.75308641975309, 96.91358024691358, 95.67901234567901, 95.67901234567901, 97.22222222222221, 97.53086419753086, 95.06172839506173, 95.67901234567901, 92.90123456790124, 97.22222222222221, 95.67901234567901, 96.29629629629629, 94.44444444444444, 94.75308641975309, 93.82716049382715, 93.82716049382715, 96.91358024691358]}, "coherence-enhancing": {"epochs": 30, "train_loss": [0.9396746262826555, 0.7558345092776043, 0.6503675540125435, 0.5799945651507769, 0.48750723267350693, 0.45491077449640943, 0.423399986790829, 0.38987674788047705, 0.35146995605341075, 0.3266654144056508, 0.2921374264717754, 0.2822335017590575, 0.26305449794204344, 0.2419286231037046, 0.2155562276885809, 0.19187071996288058, 0.16582455617105946, 0.18631822967016307, 0.1865024551637267, 0.16024454239287664, 0.15660842277282655, 0.1485876982543068, 0.11074294641014708, 0.11990229148402444, 0.10772180196299865, 0.0922209020857343, 0.11121976040201924, 0.10893646612651442, 0.10009130669752635, 0.11747633268588471], "valid_loss": [0.780929358232589, 0.7652546848569598, 0.7330237953435808, 0.4789081293912161, 0.6267298020067669, 0.5278098498071943, 0.4991301113650912, 0.47584491826239084, 0.4812242140372594, 0.4942811599799565, 0.29796024411916733, 0.29173248616002856, 0.42539026126975105, 0.5767384803011304, 0.31346570753625463, 0.3676338745724587, 0.35121033163297743, 0.3537699530522029, 0.23475484328255766, 0.3264445410597892, 0.2716273667202109, 0.23745381512812205, 0.3226423085268055, 0.4201752360732782, 0.263940206817573, 0.3110151267832234, 0.2197465937407244, 0.3095032229930872, 0.3894829468446828, 0.22415580777894883], "train_acc": [61.1720356408499, 68.95133653187115, 72.99520219328308, 75.29129540781358, 80.60315284441398, 82.35092529129541, 83.79026730637423, 85.05825908156271, 86.29198080877313, 86.97738176833447, 88.48526387936944, 89.89033584647018, 90.23303632625085, 91.1240575736806, 91.91226867717614, 93.52296093214531, 93.69431117203564, 93.14599040438657, 93.07745030843043, 94.58533241946539, 94.96230294722413, 95.09938313913639, 95.99040438656614, 96.23029472241261, 96.02467443454421, 96.40164496230295, 95.92186429061, 96.19602467443454, 96.50445510623715, 95.68197395476354], "valid_acc": [65.74074074074075, 68.51851851851852, 64.19753086419753, 83.0246913580247, 71.29629629629629, 82.09876543209876, 81.17283950617285, 81.17283950617285, 79.32098765432099, 81.17283950617285, 88.58024691358025, 88.58024691358025, 83.9506172839506, 76.85185185185185, 87.03703703703704, 87.96296296296296, 88.58024691358025, 88.27160493827161, 89.50617283950618, 89.50617283950618, 90.4320987654321, 91.35802469135803, 89.19753086419753, 88.58024691358025, 91.66666666666666, 91.35802469135803, 92.5925925925926, 89.50617283950618, 88.27160493827161, 91.9753086419753]}}