{
  "no_diffusion": {
    "epochs": 50,
    "train_loss": [
      0.5029218959433784,
      0.2525572186956803,
      0.19885584596503791,
      0.16985662707478785,
      0.11963322066162493,
      0.11368710067011212,
      0.13226306806522029,
      0.08105433693275242,
      0.061346943126329795,
      0.0630322499410631,
      0.07938525412369092,
      0.03704395680608803,
      0.03460470255772212,
      0.06326789913102322,
      0.0728824413411734,
      0.07475178774708342,
      0.06135562743102277,
      0.029038802840401192,
      0.022956934002182915,
      0.03751997010510566,
      0.08302168142975466,
      0.04945733086517732,
      0.02013189326040606,
      0.02776022626379221,
      0.0373655397048881,
      0.020994195394768874,
      0.029322018719172435,
      0.04487591352620858,
      0.058341355546653685,
      0.033675559799593545,
      0.020347424704774967,
      0.035223534416029316,
      0.014795735796361526,
      0.044152685721896914,
      0.025011774973905342,
      0.03820220559419134,
      0.032388166980489505,
      0.025068865435233654,
      0.03856853850111839,
      0.042951743034612515,
      0.025829215293626594,
      0.01912098458937021,
      0.007384406427134239,
      0.00913663334568571,
      0.04452497107156072,
      0.028349008840251756,
      0.014930588059348233,
      0.02306473142257868,
      0.020585415539726506,
      0.019674572241868693
    ],
    "valid_loss": [
      0.25110587380116894,
      0.2607015948742628,
      0.3037342386586325,
      0.11627484331395299,
      0.11245095643347927,
      0.07797795233117151,
      0.07762443142530087,
      0.09619642668015634,
      0.08595494561900739,
      0.07063160416284864,
      0.1002808901969166,
      0.18658423703094568,
      0.08712196393060453,
      0.12623531914834443,
      0.05804016857014392,
      0.1530291217634277,
      0.16861361500230573,
      0.06334593967750109,
      0.07262666737889438,
      0.3686052690844961,
      0.10849457544585069,
      0.11309756537611108,
      0.0418542779793608,
      0.07644120974250004,
      0.0464084755214918,
      0.07305991108807489,
      0.09400809705784056,
      0.05954242287372749,
      0.05253711078521086,
      0.05638805674416723,
      0.05285963820755396,
      0.10880996822414177,
      0.07374275183177642,
      0.09292224171093992,
      0.06526793477089432,
      0.0844727165974854,
      0.024017193905733404,
      0.10711363831214407,
      0.10281922170785644,
      0.13759594302280762,
      0.041981955031880194,
      0.02921381582252382,
      0.01527244477763036,
      0.03384886629332652,
      0.07808802651405651,
      0.08713555764084699,
      0.07008342125960726,
      0.11110163883105477,
      0.03167314998288583,
      0.025607662698153684
    ],
    "train_acc": [
      82.07676490747087,
      91.29540781357093,
      93.79712131596985,
      94.65387251542153,
      95.78478409869774,
      96.29883481836875,
      95.27073337902672,
      97.32693625771076,
      98.04660726525017,
      98.04660726525017,
      97.7039067854695,
      98.69773817683345,
      98.93762851267992,
      98.2179575051405,
      97.77244688142564,
      97.6010966415353,
      98.14941740918437,
      99.10897875257025,
      99.38313913639479,
      98.52638793694311,
      97.42974640164496,
      98.25222755311857,
      99.34886908841672,
      99.17751884852639,
      98.59492803289925,
      99.38313913639479,
      99.07470870459218,
      98.93762851267992,
      98.08087731322824,
      98.86908841672378,
      99.31459904043865,
      99.07470870459218,
      99.52021932830706,
      98.66346812885538,
      99.41740918437286,
      98.93762851267992,
      98.73200822481152,
      99.24605894448251,
      98.62919808087732,
      98.69773817683345,
      99.31459904043865,
      99.485949280329,
      99.7943797121316,
      99.62302947224127,
      98.69773817683345,
      99.10897875257025,
      99.485949280329,
      99.31459904043865,
      99.31459904043865,
      99.41740918437286
    ],
    "valid_acc": [
      90.4320987654321,
      90.4320987654321,
      91.0493827160494,
      95.98765432098766,
      95.98765432098766,
      97.22222222222221,
      96.60493827160494,
      97.22222222222221,
      97.53086419753086,
      97.22222222222221,
      96.60493827160494,
      95.98765432098766,
      96.91358024691358,
      95.06172839506173,
      98.4567901234568,
      93.82716049382715,
      95.06172839506173,
      97.8395061728395,
      98.14814814814815,
      91.9753086419753,
      95.98765432098766,
      96.91358024691358,
      98.14814814814815,
      97.22222222222221,
      98.4567901234568,
      97.22222222222221,
      95.98765432098766,
      97.8395061728395,
      98.4567901234568,
      97.8395061728395,
      98.14814814814815,
      96.91358024691358,
      97.53086419753086,
      97.53086419753086,
      97.22222222222221,
      96.29629629629629,
      99.07407407407408,
      96.60493827160494,
      97.22222222222221,
      95.67901234567901,
      99.07407407407408,
      98.76543209876543,
      99.38271604938271,
      98.76543209876543,
      97.8395061728395,
      98.76543209876543,
      97.22222222222221,
      97.8395061728395,
      98.76543209876543,
      99.07407407407408
    ]
  },
  "perona-malik": {
    "epochs": 50,
    "train_loss": [
      0.5873763172841463,
      0.32415580987686016,
      0.2312339427753713,
      0.1730724299718407,
      0.15728069287648455,
      0.14694261629785835,
      0.10490697464152478,
      0.08147615294959498,
      0.06668793774830799,
      0.09013696467374131,
      0.09344622132825141,
      0.05964980291901156,
      0.11228900056464669,
      0.04314766085358041,
      0.03145068738806123,
      0.06930198353973517,
      0.051481615631749515,
      0.05199739706220329,
      0.06058721966475956,
      0.050378289967336405,
      0.03238933600174089,
      0.039531247027691,
      0.043804462499728254,
      0.059836453416727005,
      0.022382617942202275,
      0.04199860760538703,
      0.034169845130792985,
      0.035771736973063906,
      0.036443879686751154,
      0.040302923328657966,
      0.04936335828709365,
      0.024690344898484054,
      0.03065622825725952,
      0.018287953249982124,
      0.034965203947758906,
      0.04010897495925727,
      0.04870866910562262,
      0.01917720853492679,
      0.025237128050037905,
      0.02826857341827489,
      0.03241522645460021,
      0.02498276445474234,
      0.04318576799013017,
      0.017177745380058448,
      0.005071289225906597,
      0.006491651771736786,
      0.017048116871222097,
      0.024092117604225582,
      0.027009404291948653,
      0.05552419341960349
    ],