{"no_diffusion": {"epochs": 30, "train_loss": [0.4897290251416261, 0.26474151562878995, 0.21002437516823003, 0.1469320168545663, 0.1181306352856686, 0.10471569599782224, 0.10796281585693766, 0.0728946030919206, 0.06940944242619405, 0.09965198134203172, 0.04648460424425656, 0.07432015679835194, 0.04632927209365976, 0.035112119526468734, 0.05351052964727243, 0.09721343069530698, 0.05684844263361085, 0.030746205504438167, 0.030344861872058298, 0.04788676987441423, 0.03775869539078952, 0.05409831833897497, 0.06076501782697592, 0.020249160389365663, 0.015489753337463752, 0.012267361361027029, 0.018100391100293177, 0.04414295938171006, 0.04952956952998806, 0.03769001349412532], "valid_loss": [0.13643482323026374, 0.29883002560763133, 0.14320101551268072, 0.09769726671012384, 0.1629148623795204, 0.15132239132764794, 0.14830557007475623, 0.08574912058178424, 0.10310039069459197, 0.0910411964702819, 0.18644679445285528, 0.04828000663907178, 0.08310225948558322, 0.13736810293353519, 0.09624987716363519, 0.11799374419136993, 0.08518334894601833, 0.05688342816921206, 0.02589175671095117, 0.08757510744388648, 0.06274657127852108, 0.11829063629487618, 0.06000633931918336, 0.07140465716310289, 0.10584824207866664, 0.0997456051364636, 0.07380685818047607, 0.10966480909787822, 0.1609821736859712, 0.1600606794260481], "train_acc": [82.55654557916381, 91.329677861549, 92.66620973269363, 95.37354352296093, 95.95613433858807, 96.57299520219328, 96.47018505825909, 97.73817683344757, 97.4982864976011, 96.50445510623715, 98.69773817683345, 97.56682659355724, 98.45784784098697, 98.86908841672378, 98.28649760109664, 96.84715558601782, 98.08087731322824, 98.83481836874572, 99.00616860863605, 98.28649760109664, 98.66346812885538, 98.14941740918437, 98.25222755311857, 99.41740918437286, 99.5887594242632, 99.55448937628513, 99.45167923235093, 98.69773817683345, 98.2179575051405, 98.69773817683345], "valid_acc": [94.75308641975309, 87.65432098765432, 93.82716049382715, 96.60493827160494, 94.1358024691358, 94.44444444444444, 95.37037037037037, 96.60493827160494, 95.67901234567901, 97.22222222222221, 93.82716049382715, 99.07407407407408, 97.53086419753086, 96.60493827160494, 97.22222222222221, 96.29629629629629, 97.22222222222221, 97.8395061728395, 99.07407407407408, 97.22222222222221, 98.14814814814815, 97.8395061728395, 98.4567901234568, 97.8395061728395, 98.4567901234568, 98.4567901234568, 98.76543209876543, 95.67901234567901, 95.67901234567901, 95.67901234567901]}, "perona-malik": {"epochs": 30, "train_loss": [0.5419404246523732, 0.3040070602252998, 0.21970552516480288, 0.15233304701959255, 0.15729451462463603, 0.12125259142463182, 0.06989422577300969, 0.11284284178444942, 0.08432788098271672, 0.07439819379910684, 0.05760286214441453, 0.046340242195861726, 0.09885217050493433, 0.053798865233967846, 0.06805309894223713, 0.04266286339124797, 0.04393663618975552, 0.05620444566106851, 0.06921164113729225, 0.07096194069047873, 0.04854954967162027, 0.015963704463899518, 0.027318129424873137, 0.05018181320695878, 0.028993327605975106, 0.0850619928586256, 0.0355724562473792, 0.016134913253149114, 0.019120273384887598, 0.058184481838479817], "valid_loss": [0.32125176382916315, 0.3073326347484475, 0.15868258015030906, 0.10118897499827047, 0.08146431523242167, 0.7682858039403245, 0.5069431059417271, 0.10596615654261161, 0.09596512929004218, 0.11705073289617542, 0.052705895214915345, 0.08859104523158055, 0.07689709449186921, 0.05460031103852782, 0.10752208423080101, 0.10725098108135474, 0.0939104172658907, 0.20294758207386449, 0.13555383449974692, 0.06644944424763144, 0.0500872973214081, 0.05939371960093489, 0.08683541839473903, 0.06446735698236375, 0.23330843793779163, 0.0835530998384846, 0.05992707875113757, 0.13583067004843283, 0.14836569029527405, 0.06912842481757425], "train_acc": [80.26045236463331, 89.20493488690883, 92.22069910897875, 94.44825222755313, 94.41398217957506, 95.68197395476354, 97.4982864976011, 96.33310486634682, 97.08704592186429, 97.53255654557917, 98.18368745716243, 98.4235777930089, 97.12131596984236, 98.32076764907471, 97.66963673749143, 98.4235777930089, 98.45784784098697, 98.1151473612063, 97.63536668951338, 98.2179575051405, 98.32076764907471, 99.45167923235093, 99.10897875257025, 98.25222755311857, 99.07470870459218, 97.15558601782043, 98.62919808087732, 99.485949280329, 99.31459904043865, 97.94379712131597], "valid_acc": [87.65432098765432, 89.81481481481481, 93.51851851851852, 95.67901234567901, 97.22222222222221, 87.03703703703704, 85.18518518518519, 95.67901234567901, 96.60493827160494, 95.67901234567901, 98.14814814814815, 96.60493827160494, 97.53086419753086, 96.91358024691358, 96.60493827160494, 97.22222222222221, 97.8395061728395, 95.98765432098766, 96.29629629629629, 97.8395061728395, 98.4567901234568, 97.8395061728395, 97.22222222222221, 98.4567901234568, 95.37037037037037, 97.8395061728395, 97.53086419753086, 97.53086419753086, 95.98765432098766, 97.8395061728395]}, "coherence-enhancing": {"epochs": 30, "train_loss": [0.9398365037037375, 0.7338218061161823, 0.6361565365980232, 0.5740211462713981, 0.5190928857671758, 0.4590598819115774, 0.4319208930424654, 0.3889192138376132, 0.412068387279745, 0.345934507218215, 0.29878774727058544, 0.2981025075000492, 0.269406996585958, 0.2474358745041441, 0.24546664167460197, 0.23495658486572607, 0.19820943723122278, 0.21243185285845254, 0.18627402585895497, 0.1821382198930601, 0.17218908993018373, 0.17114610734390592, 0.1501526913651433, 0.14852388322231222, 0.1354374953728841, 0.11555881650807957, 0.13879829268810934, 0.13016600736933429, 0.10758530287723479, 0.11725974238294436], "valid_loss": [0.7232039258593604, 0.8381335777895791, 0.7750403568858192, 0.6719693158354078, 0.6735070922545024, 0.686116894086202, 0.5392738992259616, 0.8625253027393704, 0.5369990744761058, 0.41631479277497246, 0.4380166835728146, 0.3344278530705543, 0.3983703025040172, 0.5066435979235739, 0.35065725889234317, 0.3067594837574732, 0.3800459390594846, 0.3678152206398192, 0.35736876548755736, 0.42139952736241476, 0.3351438579016498, 0.3617050993655409, 0.3586952374095008, 0.29465883828344797, 0.30069913830430733, 0.25451508594588157, 0.2555992842341463, 0.3392906462152799, 0.27644357759328114, 0.3953971358104831], "train_acc": [61.00068540095956, 69.39684715558602, 74.46881425633995, 77.31322823851954, 79.57505140507197, 82.11103495544893, 83.24194653872516, 85.16106922549692, 83.96161754626456, 87.14873200822481, 88.86223440712817, 88.8279643591501, 89.61617546264566, 90.30157642220699, 91.1240575736806, 91.0212474297464, 92.11788896504454, 91.6381082933516, 92.7004797806717, 93.14599040438657, 93.86566141192597, 93.72858122001371, 94.34544208361892, 94.96230294722413, 94.75668265935572, 95.7162440027416, 94.85949280328992, 95.37354352296093, 96.09321453050035, 96.09321453050035], "valid_acc": [69.44444444444444, 65.74074074074075, 67.5925925925926, 72.53086419753086, 70.98765432098766, 74.07407407407408, 82.09876543209876, 69.1358024691358, 79.01234567901234, 84.25925925925925, 83.33333333333334, 88.58024691358025, 85.18518518518519, 83.64197530864197, 86.72839506172839, 87.65432098765432, 87.03703703703704, 86.72839506172839, 89.19753086419753, 84.25925925925925, 88.27160493827161, 86.41975308641975, 86.11111111111111, 91.0493827160494, 89.81481481481481, 89.19753086419753, 90.74074074074075, 88.58024691358025, 88.27160493827161, 87.65432098765432]}}