{"no_diffusion": {"epochs": 31, "train_loss": [0.471827735330482, 0.22933397656103058, 0.1513418378740997, 0.1357051357601469, 0.09418730785665637, 0.08336229496024793, 0.060939100764684194, 0.09463199876761573, 0.056193141370077866, 0.056484480012816383, 0.04483362022143868, 0.04688527830780988, 0.035821075906660255, 0.06482659009954579, 0.04719551892311324, 0.033002261862613944, 0.03202062511561843, 0.027826294273359427, 0.04917928373370806, 0.033723592387621744, 0.03173867525236873, 0.02671910010643136, 0.037753513402884756, 0.029445356202142916, 0.013219048480436247, 0.013766033642132044, 0.033645751423271156, 0.02842457290205092, 0.01777836899552556, 0.042446340815100396, 0.05018441260356871], "valid_loss": [0.24321972915814036, 0.16704015133325897, 0.3264932306039901, 0.18073859025857278, 0.09918681844802839, 0.074134098659713, 0.13542737879435576, 0.019856974072310896, 0.03311966157828768, 0.0750393851942915, 0.017602949824712204, 0.08142183952787448, 0.09397514446061991, 0.09602448112508725, 0.01289936517042363, 0.05222370172642903, 0.03647530865349663, 0.03572750450638566, 0.03655645561992146, 0.0752930162152985, 0.04926682401786647, 0.12013008577161513, 0.08712722990787283, 0.08978389172781524, 0.0401927888354597, 0.07719830423974643, 0.08872906677494202, 0.033575675879113816, 0.04959734047406528, 0.1693663283894282, 0.06876677917482864], "train_acc": [82.69362577107609, 92.4948594928033, 94.99657299520219, 95.06511309115832, 97.05277587388622, 97.36120630568882, 97.87525702535984, 96.81288553803975, 98.28649760109664, 98.2179575051405, 98.28649760109664, 98.38930774503083, 99.07470870459218, 98.0123372172721, 98.56065798492118, 98.93762851267992, 98.83481836874572, 99.10897875257025, 98.32076764907471, 99.00616860863605, 98.83481836874572, 98.97189856065799, 98.49211788896504, 99.21178889650446, 99.5887594242632, 99.5887594242632, 98.93762851267992, 99.14324880054832, 99.24605894448251, 98.80054832076765, 98.73200822481152], "valid_acc": [92.5925925925926, 95.98765432098766, 86.41975308641975, 92.90123456790124, 97.22222222222221, 97.22222222222221, 95.06172839506173, 99.38271604938271, 99.38271604938271, 98.76543209876543, 99.38271604938271, 96.29629629629629, 95.98765432098766, 96.60493827160494, 99.38271604938271, 98.4567901234568, 99.38271604938271, 98.4567901234568, 98.4567901234568, 97.53086419753086, 98.14814814814815, 96.60493827160494, 98.14814814814815, 97.8395061728395, 99.07407407407408, 97.53086419753086, 98.14814814814815, 99.07407407407408, 98.14814814814815, 96.91358024691358, 98.76543209876543]}, "perona-malik": {"epochs": 30, "train_loss": [0.5027884014887236, 0.27099652353246684, 0.18418199041746353, 0.13424717882251153, 0.13882277734435158, 0.10118290190546789, 0.09287763914746064, 0.06665955014419335, 0.03681603072992338, 0.07501703476780756, 0.05228681747720175, 0.06218299496034033, 0.05566910237501391, 0.03689572575840529, 0.05226338283265235, 0.03621195352092688, 0.03540055073256658, 0.020413019568271313, 0.02803850212443192, 0.040039953254459075, 0.10291247104426281, 0.031064868592380425, 0.030413239923977105, 0.03860097231963316, 0.024530315309556364, 0.031869721597730424, 0.015994379077208656, 0.01828095204449501, 0.024804647939435362, 0.04870507701510233], "valid_loss": [0.30469992189180284, 0.15701352505545532, 0.47507565255676, 0.1216733314185625, 0.10581148282757827, 0.1280212192699158, 0.10802614168330495, 0.14863746906797, 0.1284853868370798, 0.14897285730625126, 0.11676140283400725, 0.061896494667356215, 0.14108123334690822, 0.18815104296455892, 0.15298749199913195, 0.10044567906741231, 0.13445785646520866, 0.09589860425144468, 0.09996760505670127, 0.22358090484617388, 0.11791248904635376, 0.07221197746721805, 0.07408733208839771, 0.07712221510649085, 0.1385999245928057, 0.059172438383982465, 0.0700969172891118, 0.06328866165114007, 0.16049258385984494, 0.13527048306353945], "train_acc": [81.66552433173406, 90.19876627827279, 93.69431117203564, 95.37354352296093, 95.06511309115832, 96.47018505825909, 96.94996572995203, 97.8067169294037, 98.90335846470185, 97.7039067854695, 98.04660726525017, 97.84098697738177, 97.94379712131597, 98.80054832076765, 98.18368745716243, 98.93762851267992, 98.62919808087732, 99.41740918437286, 99.14324880054832, 98.38930774503083, 97.25839616175462, 99.00616860863605, 98.90335846470185, 98.93762851267992, 99.17751884852639, 99.00616860863605, 99.45167923235093, 99.45167923235093, 99.31459904043865, 98.52638793694311], "valid_acc": [88.58024691358025, 92.28395061728395, 84.25925925925925, 94.44444444444444, 96.60493827160494, 94.75308641975309, 96.29629629629629, 97.22222222222221, 96.60493827160494, 96.91358024691358, 96.29629629629629, 98.14814814814815, 96.60493827160494, 96.29629629629629, 96.91358024691358, 97.22222222222221, 96.29629629629629, 97.53086419753086, 97.8395061728395, 96.91358024691358, 96.91358024691358, 98.4567901234568, 96.91358024691358, 97.8395061728395, 96.29629629629629, 98.76543209876543, 98.14814814814815, 98.14814814814815, 95.06172839506173, 96.29629629629629]}, "coherence-enhancing": {"epochs": 30, "train_loss": [0.919659525807438, 0.7202739342640007, 0.6131383608110615, 0.5451407786764082, 0.5058724452726177, 0.47575639440713685, 0.43656339492302776, 0.40122757962004085, 0.349717518100973, 0.3516422478390522, 0.3092459560336311, 0.2896937850475963, 0.29544159776118933, 0.2641668495584707, 0.23942201883822192, 0.21242701695326086, 0.21734156145057718, 0.20979202266965732, 0.19530845053819684, 0.16507572199019496, 0.17443538817724652, 0.14487347010996376, 0.14740383292451664, 0.13506512797076276, 0.13677239888780268, 0.14082307137467495, 0.11150468991244913, 0.12708011092083743, 0.09593768021259762, 0.11190897229259905], "valid_loss": [0.857734006075632, 0.708742638429006, 0.5512804225796745, 0.5232336315370741, 0.8429921468098959, 0.45999161899089813, 0.6425044855901173, 0.45115778133982704, 0.4693339169025421, 0.531250224226997, 0.36673598772003535, 0.4141111033303397, 0.383542989336309, 0.38684394317013876, 0.41468491156895954, 0.3655830760087286, 0.5662027689672652, 0.38106004964737666, 0.29620225159894853, 0.42960397402445477, 0.28011995190311045, 0.36548528931147994, 0.4124974397321542, 0.49249033807289033, 0.5524713164638906, 0.4151559759463583, 0.30097977958974387, 0.2798339795498621, 0.31821528467394056, 0.3133701154784787], "train_acc": [61.61754626456477, 70.11651816312543, 74.77724468814256, 78.51267991775188, 79.6435915010281, 81.3228238519534, 82.45373543522962, 84.20150788211103, 86.223440712817, 86.36052090472927, 87.86840301576422, 88.8279643591501, 88.34818368745717, 89.68471555860178, 90.78135709389993, 92.25496915695682, 91.60383824537355, 92.28923920493489, 92.76901987662782, 93.96847155586018, 93.48869088416724, 94.4825222755312, 94.44825222755313, 95.23646333104865, 94.6881425633996, 95.06511309115832, 95.78478409869774, 95.44208361891707, 96.64153529814942, 95.99040438656614], "valid_acc": [60.49382716049383, 67.90123456790124, 79.01234567901234, 74.69135802469135, 68.51851851851852, 82.4074074074074, 75.61728395061729, 78.70370370370371, 82.71604938271605, 78.70370370370371, 82.4074074074074, 83.0246913580247, 82.71604938271605, 84.5679012345679, 85.80246913580247, 85.49382716049382, 82.4074074074074, 86.41975308641975, 87.03703703703704, 84.5679012345679, 89.50617283950618, 86.72839506172839, 86.41975308641975, 83.33333333333334, 82.4074074074074, 85.18518518518519, 88.27160493827161, 89.81481481481481, 88.88888888888889, 90.12345679012346]}}