{"no_diffusion": {"epochs": 7, "train_loss": [0.471827735330482, 0.22933397656103058, 0.1513418378740997, 0.1357051357601469, 0.09418730785665637, 0.08336229496024793, 0.060939100764684194], "valid_loss": [0.24321972915814036, 0.16704015133325897, 0.3264932306039901, 0.18073859025857278, 0.09918681844802839, 0.074134098659713, 0.13542737879435576], "train_acc": [82.69362577107609, 92.4948594928033, 94.99657299520219, 95.06511309115832, 97.05277587388622, 97.36120630568882, 97.87525702535984], "valid_acc": [92.5925925925926, 95.98765432098766, 86.41975308641975, 92.90123456790124, 97.22222222222221, 97.22222222222221, 95.06172839506173]}}