{"no_diffusion": {"epochs": 31, "train_loss": [0.471827735330482, 0.22933397656103058, 0.1513418378740997, 0.1357051357601469, 0.09418730785665637, 0.08336229496024793, 0.060939100764684194, 0.09463199876761573, 0.056193141370077866, 0.056484480012816383, 0.04483362022143868, 0.04688527830780988, 0.035821075906660255, 0.06482659009954579, 0.04719551892311324, 0.033002261862613944, 0.03202062511561843, 0.027826294273359427, 0.04917928373370806, 0.033723592387621744, 0.03173867525236873, 0.02671910010643136, 0.037753513402884756, 0.029445356202142916, 0.013219048480436247, 0.013766033642132044, 0.033645751423271156, 0.02842457290205092, 0.01777836899552556, 0.042446340815100396, 0.05018441260356871], "valid_loss": [0.24321972915814036, 0.16704015133325897, 0.3264932306039901, 0.18073859025857278, 0.09918681844802839, 0.074134098659713, 0.13542737879435576, 0.019856974072310896, 0.03311966157828768, 0.0750393851942915, 0.017602949824712204, 0.08142183952787448, 0.09397514446061991, 0.09602448112508725, 0.01289936517042363, 0.05222370172642903, 0.03647530865349663, 0.03572750450638566, 0.03655645561992146, 0.0752930162152985, 0.04926682401786647, 0.12013008577161513, 0.08712722990787283, 0.08978389172781524, 0.0401927888354597, 0.07719830423974643, 0.08872906677494202, 0.033575675879113816, 0.04959734047406528, 0.1693663283894282, 0.06876677917482864], "train_acc": [82.69362577107609, 92.4948594928033, 94.99657299520219, 95.06511309115832, 97.05277587388622, 97.36120630568882, 97.87525702535984, 96.81288553803975, 98.28649760109664, 98.2179575051405, 98.28649760109664, 98.38930774503083, 99.07470870459218, 98.0123372172721, 98.56065798492118, 98.93762851267992, 98.83481836874572, 99.10897875257025, 98.32076764907471, 99.00616860863605, 98.83481836874572, 98.97189856065799, 98.49211788896504, 99.21178889650446, 99.5887594242632, 99.5887594242632, 98.93762851267992, 99.14324880054832, 99.24605894448251, 98.80054832076765, 98.73200822481152], "valid_acc": [92.5925925925926, 95.98765432098766, 86.41975308641975, 92.90123456790124, 97.22222222222221, 97.22222222222221, 95.06172839506173, 99.38271604938271, 99.38271604938271, 98.76543209876543, 99.38271604938271, 96.29629629629629, 95.98765432098766, 96.60493827160494, 99.38271604938271, 98.4567901234568, 99.38271604938271, 98.4567901234568, 98.4567901234568, 97.53086419753086, 98.14814814814815, 96.60493827160494, 98.14814814814815, 97.8395061728395, 99.07407407407408, 97.53086419753086, 98.14814814814815, 99.07407407407408, 98.14814814814815, 96.91358024691358, 98.76543209876543]}}