{"no_diffusion": {"epochs": 30, "train_loss": [0.5058519550970669, 0.25494004697462574, 0.18122799623034935, 0.1480139227472042, 0.10109262904813869, 0.09155836987978387, 0.0893483653256181, 0.06830761290970895, 0.06253709155293893, 0.06862245929313575, 0.10559645955402486, 0.06186194454104756, 0.055400124618235236, 0.03504389334950962, 0.0446007722078077, 0.0338291852792475, 0.04127802018591781, 0.035883726759354424, 0.026564603234078898, 0.03416890182133663, 0.06830186582195237, 0.08696222686494416, 0.053103885815548126, 0.022094222157970935, 0.012689813355398934, 0.02051359426121331, 0.03100594342443704, 0.034659239242903477, 0.045711784278651094, 0.057135454029219525], "valid_loss": [0.16427516600205785, 0.16644973343326933, 0.2895515713663328, 0.1700401823701603, 0.10418962471054069, 0.10422978797994022, 0.07591815904847213, 0.11869454955948251, 0.13401182866488984, 0.10078445825881015, 0.055445743181432285, 0.11816290965569871, 0.08959123650787487, 0.11176010069902986, 0.11302130351292103, 0.1172163408780415, 0.06312812318044182, 0.0847491080972499, 0.10837236237282577, 0.09198485906069566, 0.11869892962567974, 0.10018874949864334, 0.10479874150422845, 0.12570828274121076, 0.09450617851273689, 0.12095250553379412, 0.13854664920065607, 0.12106902810046449, 0.3667290626603755, 0.09547152112299088], "train_acc": [81.66552433173406, 91.08978752570253, 94.07128169979438, 94.85949280328992, 96.94996572995203, 97.05277587388622, 96.81288553803975, 98.1151473612063, 97.77244688142564, 98.08087731322824, 96.77861549006168, 98.25222755311857, 98.1151473612063, 98.90335846470185, 98.62919808087732, 98.97189856065799, 98.62919808087732, 98.76627827278959, 99.14324880054832, 98.90335846470185, 98.25222755311857, 97.25839616175462, 98.25222755311857, 99.38313913639479, 99.5887594242632, 99.34886908841672, 99.07470870459218, 99.07470870459218, 98.69773817683345, 98.0123372172721], "valid_acc": [94.75308641975309, 94.75308641975309, 88.88888888888889, 94.1358024691358, 95.98765432098766, 96.29629629629629, 96.91358024691358, 96.29629629629629, 96.29629629629629, 96.29629629629629, 97.8395061728395, 95.06172839506173, 97.8395061728395, 96.91358024691358, 96.60493827160494, 96.60493827160494, 97.22222222222221, 97.53086419753086, 97.53086419753086, 98.14814814814815, 95.98765432098766, 96.60493827160494, 97.53086419753086, 98.14814814814815, 98.14814814814815, 97.53086419753086, 95.67901234567901, 96.91358024691358, 91.66666666666666, 97.22222222222221]}, "perona-malik": {"epochs": 30, "train_loss": [0.5383385670233946, 0.27450963436457954, 0.20608924991385044, 0.1261958006280856, 0.14112964562074246, 0.08339755635681852, 0.12226387587772897, 0.07180893134683258, 0.07781479715848662, 0.1115018005694054, 0.055743029720405665, 0.03601050811437725, 0.05493257490296522, 0.03592374465425748, 0.013681688791208624, 0.09302008910103202, 0.07691577404497008, 0.038348650206402046, 0.03941399014761348, 0.017991621053381313, 0.07884718788051538, 0.0346458331157601, 0.0268404957251469, 0.0363954803685518, 0.011324707253917522, 0.03692234789811212, 0.03921033375699864, 0.04481574110363138, 0.039419764674715876, 0.0549183754453816], "valid_loss": [0.32252286640661104, 0.29446365568964256, 0.23360139042848632, 0.21704824722560478, 0.24391809296572492, 0.15145688626493903, 0.16200749431404152, 0.312109580779049, 0.19811479376983784, 0.15303063902649142, 0.08529283649598558, 0.10581526540079808, 0.1808998895437634, 0.07331574487588591, 0.07642748691521428, 0.05588078300379926, 0.1161310643794769, 0.07903824919291462, 0.12865621570797106, 0.12545266650011486, 0.11856003787501582, 0.054915235438827606, 0.09580670306552617, 0.11391453227285335, 0.12526861887818086, 0.2523645449518448, 0.11217821407314789, 0.12989007173538475, 0.1725356554147549, 0.13980992368444622], "train_acc": [80.29472241261138, 90.43865661411927, 93.35161069225497, 95.7162440027416, 95.75051405071967, 97.36120630568882, 95.75051405071967, 97.4982864976011, 97.15558601782043, 96.50445510623715, 98.28649760109664, 98.90335846470185, 98.08087731322824, 98.97189856065799, 99.62302947224127, 97.01850582590815, 97.77244688142564, 98.90335846470185, 98.93762851267992, 99.65729952021934, 97.15558601782043, 98.76627827278959, 99.14324880054832, 98.73200822481152, 99.65729952021934, 98.86908841672378, 98.93762851267992, 98.62919808087732, 98.86908841672378, 98.32076764907471], "valid_acc": [87.34567901234568, 90.74074074074075, 91.0493827160494, 92.5925925925926, 93.20987654320987, 93.82716049382715, 94.1358024691358, 91.66666666666666, 93.82716049382715, 94.75308641975309, 96.91358024691358, 95.98765432098766, 94.44444444444444, 97.22222222222221, 98.4567901234568, 97.8395061728395, 95.06172839506173, 97.8395061728395, 96.60493827160494, 97.22222222222221, 95.98765432098766, 97.8395061728395, 97.53086419753086, 96.91358024691358, 98.14814814814815, 94.44444444444444, 96.60493827160494, 97.53086419753086, 95.67901234567901, 95.98765432098766]}, "coherence-enhancing": {"epochs": 30, "train_loss": [0.9758572731513143, 0.7637991147940276, 0.6856935781533601, 0.6067644948027825, 0.5760618922163229, 0.5191291267754602, 0.48822740941751197, 0.4530678660980339, 0.41419096653415854, 0.3907828304529842, 0.3813321601009108, 0.3574279196601096, 0.3454013196700583, 0.3231319286784188, 0.31357252575416383, 0.29113689925053404, 0.27330252599439336, 0.27733208230935813, 0.2465076404801809, 0.25409618310141757, 0.2201750369671264, 0.24202078590016873, 0.2162522618745357, 0.18708364907753924, 0.19361857566575372, 0.18863093228552674, 0.18933289615142215, 0.17103181475050788, 0.15788377848927115, 0.1559656398533716], "valid_loss": [0.8382711864653087, 0.5847761347180321, 0.5669794678688049, 0.5544431394054776, 0.5024533271789551, 0.5314889777274359, 0.40069890802814845, 0.45179967724141623, 0.49126680762994857, 0.5156720997322173, 0.49708656115191324, 0.4025454996597199, 0.43033342702048166, 0.4018238868032183, 0.40387218197186786, 0.3350972934138207, 0.39665872213386355, 0.5884509806831678, 0.3459616317635491, 0.4703162958224614, 0.358828152574244, 0.3775477310021718, 0.3070182736430849, 0.3033721883382116, 0.3311833395134835, 0.35357597115493955, 0.35504922625564395, 0.3540739557217984, 0.3126807411511739, 0.21005610048416115], "train_acc": [60.31528444139822, 69.32830705962988, 72.06991089787526, 74.67443454420835, 77.48457847840987, 79.19808087731323, 81.3228238519534, 83.10486634681288, 84.40712816997944, 85.29814941740919, 85.60657984921178, 84.81836874571624, 86.46333104866348, 87.38862234407128, 88.07402330363261, 89.06785469499657, 89.89033584647018, 89.37628512679919, 90.64427690198767, 90.19876627827279, 91.70664838930774, 90.98697738176833, 91.98080877313228, 92.80328992460589, 92.35777930089102, 92.73474982864977, 92.7004797806717, 93.55723098012338, 93.76285126799178, 94.17409184372858], "valid_acc": [64.81481481481481, 74.07407407407408, 77.46913580246914, 75.0, 79.32098765432099, 75.92592592592592, 81.48148148148148, 79.93827160493827, 78.08641975308642, 78.08641975308642, 81.48148148148148, 83.0246913580247, 83.0246913580247, 82.09876543209876, 83.9506172839506, 83.9506172839506, 84.5679012345679, 80.8641975308642, 85.80246913580247, 82.71604938271605, 86.72839506172839, 83.9506172839506, 86.41975308641975, 87.96296296296296, 87.34567901234568, 89.19753086419753, 88.88888888888889, 86.72839506172839, 87.34567901234568, 92.90123456790124]}}